{
  "A": {
    "A": "A", 
    "C": "C", 
    "B": "B", 
    "E": "E", 
    "D": "D", 
    "G": "G", 
    "F": "F", 
    "I": "I", 
    "H": "H", 
    "K": "K", 
    "J": "J", 
    "M": "M", 
    "L": "L", 
    "O": "O", 
    "N": "N", 
    "Q": "Q", 
    "P": "P", 
    "S": "S", 
    "R": "R", 
    "U": "U", 
    "T": "T", 
    "W": "W", 
    "V": "V", 
    "Y": "Y", 
    "X": "X", 
    "Z": "Z"
  }, 
  "C": {
    "A": "C", 
    "C": "E", 
    "B": "D", 
    "E": "G", 
    "D": "F", 
    "G": "I", 
    "F": "H", 
    "I": "K", 
    "H": "J", 
    "K": "M", 
    "J": "L", 
    "M": "O", 
    "L": "N", 
    "O": "Q", 
    "N": "P", 
    "Q": "S", 
    "P": "R", 
    "S": "U", 
    "R": "T", 
    "U": "W", 
    "T": "V", 
    "W": "Y", 
    "V": "X", 
    "Y": "A", 
    "X": "Z", 
    "Z": "B"
  }, 
  "B": {
    "A": "B", 
    "C": "D", 
    "B": "C", 
    "E": "F", 
    "D": "E", 
    "G": "H", 
    "F": "G", 
    "I": "J", 
    "H": "I", 
    "K": "L", 
    "J": "K", 
    "M": "N", 
    "L": "M", 
    "O": "P", 
    "N": "O", 
    "Q": "R", 
    "P": "Q", 
    "S": "T", 
    "R": "S", 
    "U": "V", 
    "T": "U", 
    "W": "X", 
    "V": "W", 
    "Y": "Z", 
    "X": "Y", 
    "Z": "A"
  }, 
  "E": {
    "A": "E", 
    "C": "G", 
    "B": "F", 
    "E": "I", 
    "D": "H", 
    "G": "K", 
    "F": "J", 
    "I": "M", 
    "H": "L", 
    "K": "O", 
    "J": "N", 
    "M": "Q", 
    "L": "P", 
    "O": "S", 
    "N": "R", 
    "Q": "U", 
    "P": "T", 
    "S": "W", 
    "R": "V", 
    "U": "Y", 
    "T": "X", 
    "W": "A", 
    "V": "Z", 
    "Y": "C", 
    "X": "B", 
    "Z": "D"
  }, 
  "D": {
    "A": "D", 
    "C": "F", 
    "B": "E", 
    "E": "H", 
    "D": "G", 
    "G": "J", 
    "F": "I", 
    "I": "L", 
    "H": "K", 
    "K": "N", 
    "J": "M", 
    "M": "P", 
    "L": "O", 
    "O": "R", 
    "N": "Q", 
    "Q": "T", 
    "P": "S", 
    "S": "V", 
    "R": "U", 
    "U": "X", 
    "T": "W", 
    "W": "Z", 
    "V": "Y", 
    "Y": "B", 
    "X": "A", 
    "Z": "C"
  }, 
  "G": {
    "A": "G", 
    "C": "I", 
    "B": "H", 
    "E": "K", 
    "D": "J", 
    "G": "M", 
    "F": "L", 
    "I": "O", 
    "H": "N", 
    "K": "Q", 
    "J": "P", 
    "M": "S", 
    "L": "R", 
    "O": "U", 
    "N": "T", 
    "Q": "W", 
    "P": "V", 
    "S": "Y", 
    "R": "X", 
    "U": "A", 
    "T": "Z", 
    "W": "C", 
    "V": "B", 
    "Y": "E", 
    "X": "D", 
    "Z": "F"
  }, 
  "F": {
    "A": "F", 
    "C": "H", 
    "B": "G", 
    "E": "J", 
    "D": "I", 
    "G": "L", 
    "F": "K", 
    "I": "N", 
    "H": "M", 
    "K": "P", 
    "J": "O", 
    "M": "R", 
    "L": "Q", 
    "O": "T", 
    "N": "S", 
    "Q": "V", 
    "P": "U", 
    "S": "X", 
    "R": "W", 
    "U": "Z", 
    "T": "Y", 
    "W": "B", 
    "V": "A", 
    "Y": "D", 
    "X": "C", 
    "Z": "E"
  }, 
  "I": {
    "A": "I", 
    "C": "K", 
    "B": "J", 
    "E": "M", 
    "D": "L", 
    "G": "O", 
    "F": "N", 
    "I": "Q", 
    "H": "P", 
    "K": "S", 
    "J": "R", 
    "M": "U", 
    "L": "T", 
    "O": "W", 
    "N": "V", 
    "Q": "Y", 
    "P": "X", 
    "S": "A", 
    "R": "Z", 
    "U": "C", 
    "T": "B", 
    "W": "E", 
    "V": "D", 
    "Y": "G", 
    "X": "F", 
    "Z": "H"
  }, 
  "H": {
    "A": "H", 
    "C": "J", 
    "B": "I", 
    "E": "L", 
    "D": "K", 
    "G": "N", 
    "F": "M", 
    "I": "P", 
    "H": "O", 
    "K": "R", 
    "J": "Q", 
    "M": "T", 
    "L": "S", 
    "O": "V", 
    "N": "U", 
    "Q": "X", 
    "P": "W", 
    "S": "Z", 
    "R": "Y", 
    "U": "B", 
    "T": "A", 
    "W": "D", 
    "V": "C", 
    "Y": "F", 
    "X": "E", 
    "Z": "G"
  }, 
  "K": {
    "A": "K", 
    "C": "M", 
    "B": "L", 
    "E": "O", 
    "D": "N", 
    "G": "Q", 
    "F": "P", 
    "I": "S", 
    "H": "R", 
    "K": "U", 
    "J": "T", 
    "M": "W", 
    "L": "V", 
    "O": "Y", 
    "N": "X", 
    "Q": "A", 
    "P": "Z", 
    "S": "C", 
    "R": "B", 
    "U": "E", 
    "T": "D", 
    "W": "G", 
    "V": "F", 
    "Y": "I", 
    "X": "H", 
    "Z": "J"
  }, 
  "J": {
    "A": "J", 
    "C": "L", 
    "B": "K", 
    "E": "N", 
    "D": "M", 
    "G": "P", 
    "F": "O", 
    "I": "R", 
    "H": "Q", 
    "K": "T", 
    "J": "S", 
    "M": "V", 
    "L": "U", 
    "O": "X", 
    "N": "W", 
    "Q": "Z", 
    "P": "Y", 
    "S": "B", 
    "R": "A", 
    "U": "D", 
    "T": "C", 
    "W": "F", 
    "V": "E", 
    "Y": "H", 
    "X": "G", 
    "Z": "I"
  }, 
  "M": {
    "A": "M", 
    "C": "O", 
    "B": "N", 
    "E": "Q", 
    "D": "P", 
    "G": "S", 
    "F": "R", 
    "I": "U", 
    "H": "T", 
    "K": "W", 
    "J": "V", 
    "M": "Y", 
    "L": "X", 
    "O": "A", 
    "N": "Z", 
    "Q": "C", 
    "P": "B", 
    "S": "E", 
    "R": "D", 
    "U": "G", 
    "T": "F", 
    "W": "I", 
    "V": "H", 
    "Y": "K", 
    "X": "J", 
    "Z": "L"
  }, 
  "L": {
    "A": "L", 
    "C": "N", 
    "B": "M", 
    "E": "P", 
    "D": "O", 
    "G": "R", 
    "F": "Q", 
    "I": "T", 
    "H": "S", 
    "K": "V", 
    "J": "U", 
    "M": "X", 
    "L": "W", 
    "O": "Z", 
    "N": "Y", 
    "Q": "B", 
    "P": "A", 
    "S": "D", 
    "R": "C", 
    "U": "F", 
    "T": "E", 
    "W": "H", 
    "V": "G", 
    "Y": "J", 
    "X": "I", 
    "Z": "K"
  }, 
  "O": {
    "A": "O", 
    "C": "Q", 
    "B": "P", 
    "E": "S", 
    "D": "R", 
    "G": "U", 
    "F": "T", 
    "I": "W", 
    "H": "V", 
    "K": "Y", 
    "J": "X", 
    "M": "A", 
    "L": "Z", 
    "O": "C", 
    "N": "B", 
    "Q": "E", 
    "P": "D", 
    "S": "G", 
    "R": "F", 
    "U": "I", 
    "T": "H", 
    "W": "K", 
    "V": "J", 
    "Y": "M", 
    "X": "L", 
    "Z": "N"
  }, 
  "N": {
    "A": "N", 
    "C": "P", 
    "B": "O", 
    "E": "R", 
    "D": "Q", 
    "G": "T", 
    "F": "S", 
    "I": "V", 
    "H": "U", 
    "K": "X", 
    "J": "W", 
    "M": "Z", 
    "L": "Y", 
    "O": "B", 
    "N": "A", 
    "Q": "D", 
    "P": "C", 
    "S": "F", 
    "R": "E", 
    "U": "H", 
    "T": "G", 
    "W": "J", 
    "V": "I", 
    "Y": "L", 
    "X": "K", 
    "Z": "M"
  }, 
  "Q": {
    "A": "Q", 
    "C": "S", 
    "B": "R", 
    "E": "U", 
    "D": "T", 
    "G": "W", 
    "F": "V", 
    "I": "Y", 
    "H": "X", 
    "K": "A", 
    "J": "Z", 
    "M": "C", 
    "L": "B", 
    "O": "E", 
    "N": "D", 
    "Q": "G", 
    "P": "F", 
    "S": "I", 
    "R": "H", 
    "U": "K", 
    "T": "J", 
    "W": "M", 
    "V": "L", 
    "Y": "O", 
    "X": "N", 
    "Z": "P"
  }, 
  "P": {
    "A": "P", 
    "C": "R", 
    "B": "Q", 
    "E": "T", 
    "D": "S", 
    "G": "V", 
    "F": "U", 
    "I": "X", 
    "H": "W", 
    "K": "Z", 
    "J": "Y", 
    "M": "B", 
    "L": "A", 
    "O": "D", 
    "N": "C", 
    "Q": "F", 
    "P": "E", 
    "S": "H", 
    "R": "G", 
    "U": "J", 
    "T": "I", 
    "W": "L", 
    "V": "K", 
    "Y": "N", 
    "X": "M", 
    "Z": "O"
  }, 
  "S": {
    "A": "S", 
    "C": "U", 
    "B": "T", 
    "E": "W", 
    "D": "V", 
    "G": "Y", 
    "F": "X", 
    "I": "A", 
    "H": "Z", 
    "K": "C", 
    "J": "B", 
    "M": "E", 
    "L": "D", 
    "O": "G", 
    "N": "F", 
    "Q": "I", 
    "P": "H", 
    "S": "K", 
    "R": "J", 
    "U": "M", 
    "T": "L", 
    "W": "O", 
    "V": "N", 
    "Y": "Q", 
    "X": "P", 
    "Z": "R"
  }, 
  "R": {
    "A": "R", 
    "C": "T", 
    "B": "S", 
    "E": "V", 
    "D": "U", 
    "G": "X", 
    "F": "W", 
    "I": "Z", 
    "H": "Y", 
    "K": "B", 
    "J": "A", 
    "M": "D", 
    "L": "C", 
    "O": "F", 
    "N": "E", 
    "Q": "H", 
    "P": "G", 
    "S": "J", 
    "R": "I", 
    "U": "L", 
    "T": "K", 
    "W": "N", 
    "V": "M", 
    "Y": "P", 
    "X": "O", 
    "Z": "Q"
  }, 
  "U": {
    "A": "U", 
    "C": "W", 
    "B": "V", 
    "E": "Y", 
    "D": "X", 
    "G": "A", 
    "F": "Z", 
    "I": "C", 
    "H": "B", 
    "K": "E", 
    "J": "D", 
    "M": "G", 
    "L": "F", 
    "O": "I", 
    "N": "H", 
    "Q": "K", 
    "P": "J", 
    "S": "M", 
    "R": "L", 
    "U": "O", 
    "T": "N", 
    "W": "Q", 
    "V": "P", 
    "Y": "S", 
    "X": "R", 
    "Z": "T"
  }, 
  "T": {
    "A": "T", 
    "C": "V", 
    "B": "U", 
    "E": "X", 
    "D": "W", 
    "G": "Z", 
    "F": "Y", 
    "I": "B", 
    "H": "A", 
    "K": "D", 
    "J": "C", 
    "M": "F", 
    "L": "E", 
    "O": "H", 
    "N": "G", 
    "Q": "J", 
    "P": "I", 
    "S": "L", 
    "R": "K", 
    "U": "N", 
    "T": "M", 
    "W": "P", 
    "V": "O", 
    "Y": "R", 
    "X": "Q", 
    "Z": "S"
  }, 
  "W": {
    "A": "W", 
    "C": "Y", 
    "B": "X", 
    "E": "A", 
    "D": "Z", 
    "G": "C", 
    "F": "B", 
    "I": "E", 
    "H": "D", 
    "K": "G", 
    "J": "F", 
    "M": "I", 
    "L": "H", 
    "O": "K", 
    "N": "J", 
    "Q": "M", 
    "P": "L", 
    "S": "O", 
    "R": "N", 
    "U": "Q", 
    "T": "P", 
    "W": "S", 
    "V": "R", 
    "Y": "U", 
    "X": "T", 
    "Z": "V"
  }, 
  "V": {
    "A": "V", 
    "C": "X", 
    "B": "W", 
    "E": "Z", 
    "D": "Y", 
    "G": "B", 
    "F": "A", 
    "I": "D", 
    "H": "C", 
    "K": "F", 
    "J": "E", 
    "M": "H", 
    "L": "G", 
    "O": "J", 
    "N": "I", 
    "Q": "L", 
    "P": "K", 
    "S": "N", 
    "R": "M", 
    "U": "P", 
    "T": "O", 
    "W": "R", 
    "V": "Q", 
    "Y": "T", 
    "X": "S", 
    "Z": "U"
  }, 
  "Y": {
    "A": "Y", 
    "C": "A", 
    "B": "Z", 
    "E": "C", 
    "D": "B", 
    "G": "E", 
    "F": "D", 
    "I": "G", 
    "H": "F", 
    "K": "I", 
    "J": "H", 
    "M": "K", 
    "L": "J", 
    "O": "M", 
    "N": "L", 
    "Q": "O", 
    "P": "N", 
    "S": "Q", 
    "R": "P", 
    "U": "S", 
    "T": "R", 
    "W": "U", 
    "V": "T", 
    "Y": "W", 
    "X": "V", 
    "Z": "X"
  }, 
  "X": {
    "A": "X", 
    "C": "Z", 
    "B": "Y", 
    "E": "B", 
    "D": "A", 
    "G": "D", 
    "F": "C", 
    "I": "F", 
    "H": "E", 
    "K": "H", 
    "J": "G", 
    "M": "J", 
    "L": "I", 
    "O": "L", 
    "N": "K", 
    "Q": "N", 
    "P": "M", 
    "S": "P", 
    "R": "O", 
    "U": "R", 
    "T": "Q", 
    "W": "T", 
    "V": "S", 
    "Y": "V", 
    "X": "U", 
    "Z": "W"
  }, 
  "Z": {
    "A": "Z", 
    "C": "B", 
    "B": "A", 
    "E": "D", 
    "D": "C", 
    "G": "F", 
    "F": "E", 
    "I": "H", 
    "H": "G", 
    "K": "J", 
    "J": "I", 
    "M": "L", 
    "L": "K", 
    "O": "N", 
    "N": "M", 
    "Q": "P", 
    "P": "O", 
    "S": "R", 
    "R": "Q", 
    "U": "T", 
    "T": "S", 
    "W": "V", 
    "V": "U", 
    "Y": "X", 
    "X": "W", 
    "Z": "Y"
  }
}